nmf_ecotype,myCAF,iCAF,apCAF,myeloid,SPP1/TREM2 TAM,TGF-beta,EMT/invasion,hypoxia,basal-like,tumor aggressive,IFN/MHC,immune core,T cell,B cell,DC/APC,plasma cell,nmf_ecotype_label
NMF1,1.0326125613288586,0.0,0.7430908734669932,7.841431804670337e-06,0.7300856835909054,0.837955064240438,0.9445707683813557,2.6800277146431477,5.335823987409945,3.7740494864610454,1.0709620324421791,0.25086244205628705,0.0656850395313302,0.21828373202716847,0.0,2.6812259117694985,basal-like / tumor aggressive / plasma cell
NMF2,0.9879614928238704,1.1105369053236918,1.1784138290002795,0.38520953154387005,0.09416831265642539,0.23353301862439058,0.4827102378938635,0.1442312316261722,0.0,0.0,1.6190884972230353,2.371365905030055,1.7090962424147849,1.6790215090397134,1.6722603944478533,2.512094547374698,plasma cell / immune core / T cell
NMF3,0.0,0.5402480511042098,1.9663656793845927,1.1557839473137548,1.4719912734603064,0.19850330784403836,0.7996884573790756,0.6047513964096065,0.24299797364868722,0.3943155452417714,2.610246996385795,2.5925617203218136,1.4272381682867892,2.1993158109860955,2.7521270386835703,0.0,DC/APC / IFN/MHC / immune core
NMF4,1.9226569534316256,1.5201362860883838,0.0,0.6832495822565807,0.9710290709932412,1.5999544039608071,2.7513102150926847,2.0161885437244984,0.3069098114675479,1.6116343485771014,0.13865955160764917,0.11905617389638994,0.18861428686182471,0.0,0.2684149108990754,0.0,EMT/invasion / hypoxia / myCAF
